Sector,Year,FDI(IN  Crores),FDI (IN US$ Million)
METALLURGICAL INDUSTRIES,2000,103.65,22.69
MINING,2000,6.03,1.32
POWER,2000,408.47,89.42
NON-CONVENTIONAL ENERGY,2000,0,0
COAL PRODUCTION,2000,0,0
PETROLEUM & NATURAL GAS,2000,42.71,9.35
BOILERS AND STEAM GENERATING PLANTS,2000,0,0
PRIME MOVER (OTHER THAN ELECTRICAL GENERATORS),2000,0,0
ELECTRICAL EQUIPMENTS,2000,364.34,79.76
COMPUTER SOFTWARE & HARDWARE,2000,1043.29,228.39
ELECTRONICS,2000,38.1,8.34
TELECOMMUNICATIONS,2000,811.69,177.69
INFORMATION & BROADCASTING (INCLUDING PRINT MEDIA),2000,372.29,81.5
AUTOMOBILE INDUSTRY,2000,892.27,195.33
AIR TRANSPORT (INCLUDING AIR FREIGHT),2000,0,0
SEA TRANSPORT,2000,11.01,2.41
PORTS,2000,0,0
RAILWAY RELATED COMPONENTS,2000,0,0
INDUSTRIAL MACHINERY,2000,25.03,5.48
MACHINE TOOLS,2000,6.49,1.42
AGRICULTURAL MACHINERY,2000,16.63,3.64
EARTH-MOVING MACHINERY,2000,0,0
MISCELLANEOUS MECHANICAL & ENGINEERING INDUSTRIES,2000,203.28,44.5
"COMMERCIAL, OFFICE & HOUSEHOLD EQUIPMENTS",2000,55.73,12.2
MEDICAL AND SURGICAL APPLIANCES,2000,24.76,5.42
INDUSTRIAL INSTRUMENTS,2000,4.61,1.01
SCIENTIFIC INSTRUMENTS,2000,36.86,8.07
"MATHEMATICAL,SURVEYING AND DRAWING INSTRUMENTS",2000,0,0
FERTILIZERS,2000,0,0
CHEMICALS (OTHER THAN FERTILIZERS),2000,507.69,111.14
PHOTOGRAPHIC RAW FILM AND PAPER,2000,0,0
DYE-STUFFS,2000,4.8,1.05
DRUGS & PHARMACEUTICALS,2000,164.17,35.94
"TEXTILES (INCLUDING DYED,PRINTED)",2000,9.41,2.06
PAPER AND PULP (INCLUDING PAPER PRODUCTS),2000,274.26,60.04
SUGAR,2000,0,0
FERMENTATION INDUSTRIES,2000,73.18,16.02
FOOD PROCESSING INDUSTRIES,2000,208.99,45.75
VEGETABLE OILS AND VANASPATI,2000,0,0
"SOAPS, COSMETICS & TOILET PREPARATIONS",2000,0,0
RUBBER GOODS,2000,0.46,0.1
"LEATHER,LEATHER GOODS AND PICKERS",2000,44.54,9.75
GLUE AND GELATIN,2000,0,0
GLASS,2000,154.72,33.87
CERAMICS,2000,18.41,4.03
CEMENT AND GYPSUM PRODUCTS,2000,309.34,67.72
TIMBER PRODUCTS,2000,0,0
DEFENCE INDUSTRIES,2000,0,0
CONSULTANCY SERVICES,2000,19.41,4.25
"SERVICES SECTOR (Fin.,Banking,Insurance,Non Fin/Business,Outsourcing,R&D,Courier,Tech. Testing and Analysis, Other)",2000,326.06,71.38
HOSPITAL & DIAGNOSTIC CENTRES,2000,0,0
EDUCATION,2000,0,0
HOTEL & TOURISM,2000,60.3,13.2
TRADING,2000,52.49,11.49
RETAIL TRADING,2000,0,0
AGRICULTURE SERVICES,2000,80.03,17.52
"DIAMOND,GOLD ORNAMENTS",2000,86.02,18.83
TEA AND COFFEE (PROCESSING & WAREHOUSING COFFEE & RUBBER),2000,92.41,20.23
PRINTING OF BOOKS (INCLUDING LITHO PRINTING INDUSTRY),2000,0,0
COIR,2000,0,0
CONSTRUCTION (INFRASTRUCTURE) ACTIVITIES,2000,0,0
"CONSTRUCTION DEVELOPMENT: Townships, housing, built-up infrastructure and construction-development projects",2000,111.14,24.33
MISCELLANEOUS INDUSTRIES,2000,3800.9,832.07
METALLURGICAL INDUSTRIES,2001,67.43,14.14
MINING,2001,31.09,6.52
POWER,2001,3612.23,757.44
NON-CONVENTIONAL ENERGY,2001,0,0
COAL PRODUCTION,2001,0,0
PETROLEUM & NATURAL GAS,2001,1006.59,211.07
BOILERS AND STEAM GENERATING PLANTS,2001,0,0
PRIME MOVER (OTHER THAN ELECTRICAL GENERATORS),2001,0,0
ELECTRICAL EQUIPMENTS,2001,313.61,65.76
COMPUTER SOFTWARE & HARDWARE,2001,2000.07,419.39
ELECTRONICS,2001,59.47,12.47
TELECOMMUNICATIONS,2001,4164.43,873.23
INFORMATION & BROADCASTING (INCLUDING PRINT MEDIA),2001,21.65,4.54
AUTOMOBILE INDUSTRY,2001,1124.34,235.76
AIR TRANSPORT (INCLUDING AIR FREIGHT),2001,0,0
SEA TRANSPORT,2001,94.47,19.81
PORTS,2001,73.82,15.48
RAILWAY RELATED COMPONENTS,2001,0,0
INDUSTRIAL MACHINERY,2001,152.8,32.04
MACHINE TOOLS,2001,20.55,4.31
AGRICULTURAL MACHINERY,2001,4.96,1.04
EARTH-MOVING MACHINERY,2001,0.52,0.11
MISCELLANEOUS MECHANICAL & ENGINEERING INDUSTRIES,2001,292.82,61.4
"COMMERCIAL, OFFICE & HOUSEHOLD EQUIPMENTS",2001,23.23,4.87
MEDICAL AND SURGICAL APPLIANCES,2001,201.97,42.35
INDUSTRIAL INSTRUMENTS,2001,24.18,5.07
SCIENTIFIC INSTRUMENTS,2001,11.11,2.33
"MATHEMATICAL,SURVEYING AND DRAWING INSTRUMENTS",2001,0,0
FERTILIZERS,2001,0,0
CHEMICALS (OTHER THAN FERTILIZERS),2001,416,87.23
PHOTOGRAPHIC RAW FILM AND PAPER,2001,0,0
DYE-STUFFS,2001,0.86,0.18
DRUGS & PHARMACEUTICALS,2001,371.7,77.94
"TEXTILES (INCLUDING DYED,PRINTED)",2001,25.18,5.28
PAPER AND PULP (INCLUDING PAPER PRODUCTS),2001,79.64,16.7
SUGAR,2001,0,0
FERMENTATION INDUSTRIES,2001,52.65,11.04
FOOD PROCESSING INDUSTRIES,2001,1046.27,219.39
VEGETABLE OILS AND VANASPATI,2001,0,0
"SOAPS, COSMETICS & TOILET PREPARATIONS",2001,0,0
RUBBER GOODS,2001,221.23,46.39
"LEATHER,LEATHER GOODS AND PICKERS",2001,0.95,0.2
GLUE AND GELATIN,2001,4.48,0.94
GLASS,2001,39.92,8.37
CERAMICS,2001,3.72,0.78
CEMENT AND GYPSUM PRODUCTS,2001,667.18,139.9
TIMBER PRODUCTS,2001,0.24,0.05
DEFENCE INDUSTRIES,2001,0,0
CONSULTANCY SERVICES,2001,315.8,66.22
"SERVICES SECTOR (Fin.,Banking,Insurance,Non Fin/Business,Outsourcing,R&D,Courier,Tech. Testing and Analysis, Other)",2001,896.33,187.95
HOSPITAL & DIAGNOSTIC CENTRES,2001,33.05,6.93
EDUCATION,2001,0,0
HOTEL & TOURISM,2001,153.18,32.12
TRADING,2001,206.35,43.27
RETAIL TRADING,2001,0,0
AGRICULTURE SERVICES,2001,67.05,14.06
"DIAMOND,GOLD ORNAMENTS",2001,1.72,0.36
TEA AND COFFEE (PROCESSING & WAREHOUSING COFFEE & RUBBER),2001,0.67,0.14
PRINTING OF BOOKS (INCLUDING LITHO PRINTING INDUSTRY),2001,0,0
COIR,2001,0,0
CONSTRUCTION (INFRASTRUCTURE) ACTIVITIES,2001,0,0
"CONSTRUCTION DEVELOPMENT: Townships, housing, built-up infrastructure and construction-development projects",2001,246.8,51.75
MISCELLANEOUS INDUSTRIES,2001,1055.71,221.37
METALLURGICAL INDUSTRIES,2002,177.16,36.61
MINING,2002,48.68,10.06
POWER,2002,286.03,59.11
NON-CONVENTIONAL ENERGY,2002,8.23,1.7
COAL PRODUCTION,2002,0,0
PETROLEUM & NATURAL GAS,2002,274.76,56.78
BOILERS AND STEAM GENERATING PLANTS,2002,0,0
PRIME MOVER (OTHER THAN ELECTRICAL GENERATORS),2002,0,0
ELECTRICAL EQUIPMENTS,2002,167.96,34.71
COMPUTER SOFTWARE & HARDWARE,2002,1520.61,314.24
ELECTRONICS,2002,1431.76,295.88
TELECOMMUNICATIONS,2002,927.15,191.6
INFORMATION & BROADCASTING (INCLUDING PRINT MEDIA),2002,176.62,36.5
AUTOMOBILE INDUSTRY,2002,2032.19,419.96
AIR TRANSPORT (INCLUDING AIR FREIGHT),2002,18.39,3.8
SEA TRANSPORT,2002,141.88,29.32
PORTS,2002,9.82,2.03
RAILWAY RELATED COMPONENTS,2002,2.71,0.56
INDUSTRIAL MACHINERY,2002,93.88,19.4
MACHINE TOOLS,2002,68.57,14.17
AGRICULTURAL MACHINERY,2002,65.23,13.48
EARTH-MOVING MACHINERY,2002,66.63,13.77
MISCELLANEOUS MECHANICAL & ENGINEERING INDUSTRIES,2002,218.09,45.07
"COMMERCIAL, OFFICE & HOUSEHOLD EQUIPMENTS",2002,11.27,2.33
MEDICAL AND SURGICAL APPLIANCES,2002,104.67,21.63
INDUSTRIAL INSTRUMENTS,2002,6.34,1.31
SCIENTIFIC INSTRUMENTS,2002,0.92,0.19
"MATHEMATICAL,SURVEYING AND DRAWING INSTRUMENTS",2002,0,0
FERTILIZERS,2002,79.26,16.38
CHEMICALS (OTHER THAN FERTILIZERS),2002,619.97,128.12
PHOTOGRAPHIC RAW FILM AND PAPER,2002,2.9,0.6
DYE-STUFFS,2002,0,0
DRUGS & PHARMACEUTICALS,2002,193.9,40.07
"TEXTILES (INCLUDING DYED,PRINTED)",2002,262.18,54.18
PAPER AND PULP (INCLUDING PAPER PRODUCTS),2002,35.62,7.36
SUGAR,2002,19.21,3.97
FERMENTATION INDUSTRIES,2002,39.05,8.07
FOOD PROCESSING INDUSTRIES,2002,178.46,36.88
VEGETABLE OILS AND VANASPATI,2002,0,0
"SOAPS, COSMETICS & TOILET PREPARATIONS",2002,0,0
RUBBER GOODS,2002,79.46,16.42
"LEATHER,LEATHER GOODS AND PICKERS",2002,0.05,0.01
GLUE AND GELATIN,2002,25.26,5.22
GLASS,2002,217.66,44.98
CERAMICS,2002,1.02,0.21
CEMENT AND GYPSUM PRODUCTS,2002,102.01,21.08
TIMBER PRODUCTS,2002,0.19,0.04
DEFENCE INDUSTRIES,2002,0,0
CONSULTANCY SERVICES,2002,124.36,25.7
"SERVICES SECTOR (Fin.,Banking,Insurance,Non Fin/Business,Outsourcing,R&D,Courier,Tech. Testing and Analysis, Other)",2002,1433.99,296.34
HOSPITAL & DIAGNOSTIC CENTRES,2002,140.96,29.13
EDUCATION,2002,0,0
HOTEL & TOURISM,2002,163.32,33.75
TRADING,2002,184.51,38.13
RETAIL TRADING,2002,0,0
AGRICULTURE SERVICES,2002,53.28,11.01
"DIAMOND,GOLD ORNAMENTS",2002,6.29,1.3
TEA AND COFFEE (PROCESSING & WAREHOUSING COFFEE & RUBBER),2002,0,0
PRINTING OF BOOKS (INCLUDING LITHO PRINTING INDUSTRY),2002,30.49,6.3
COIR,2002,0,0
CONSTRUCTION (INFRASTRUCTURE) ACTIVITIES,2002,0,0
"CONSTRUCTION DEVELOPMENT: Townships, housing, built-up infrastructure and construction-development projects",2002,174.69,36.1
MISCELLANEOUS INDUSTRIES,2002,1058.58,218.76
METALLURGICAL INDUSTRIES,2003,37.27,8.11
MINING,2003,107.89,23.48
POWER,2003,124.48,27.09
NON-CONVENTIONAL ENERGY,2003,19.02,4.14
COAL PRODUCTION,2003,0.18,0.04
PETROLEUM & NATURAL GAS,2003,370.54,80.64
BOILERS AND STEAM GENERATING PLANTS,2003,0.18,0.04
PRIME MOVER (OTHER THAN ELECTRICAL GENERATORS),2003,0,0
ELECTRICAL EQUIPMENTS,2003,336.35,73.2
COMPUTER SOFTWARE & HARDWARE,2003,1692.43,368.32
ELECTRONICS,2003,378.21,82.31
TELECOMMUNICATIONS,2003,397.42,86.49
INFORMATION & BROADCASTING (INCLUDING PRINT MEDIA),2003,63.04,13.72
AUTOMOBILE INDUSTRY,2003,547.22,119.09
AIR TRANSPORT (INCLUDING AIR FREIGHT),2003,4.32,0.94
SEA TRANSPORT,2003,100.86,21.95
PORTS,2003,534.67,116.36
RAILWAY RELATED COMPONENTS,2003,13.56,2.95
INDUSTRIAL MACHINERY,2003,14.61,3.18
MACHINE TOOLS,2003,250.47,54.51
AGRICULTURAL MACHINERY,2003,218.45,47.54
EARTH-MOVING MACHINERY,2003,0.05,0.01
MISCELLANEOUS MECHANICAL & ENGINEERING INDUSTRIES,2003,104.44,22.73
"COMMERCIAL, OFFICE & HOUSEHOLD EQUIPMENTS",2003,47.83,10.41
MEDICAL AND SURGICAL APPLIANCES,2003,9.05,1.97
INDUSTRIAL INSTRUMENTS,2003,1.38,0.3
SCIENTIFIC INSTRUMENTS,2003,0.09,0.02
"MATHEMATICAL,SURVEYING AND DRAWING INSTRUMENTS",2003,0,0
FERTILIZERS,2003,99.16,21.58
CHEMICALS (OTHER THAN FERTILIZERS),2003,93,20.24
PHOTOGRAPHIC RAW FILM AND PAPER,2003,1.1,0.24
DYE-STUFFS,2003,1.98,0.43
DRUGS & PHARMACEUTICALS,2003,500.44,108.91
"TEXTILES (INCLUDING DYED,PRINTED)",2003,42.92,9.34
PAPER AND PULP (INCLUDING PAPER PRODUCTS),2003,32.85,7.15
SUGAR,2003,0,0
FERMENTATION INDUSTRIES,2003,7.81,1.7
FOOD PROCESSING INDUSTRIES,2003,501.87,109.22
VEGETABLE OILS AND VANASPATI,2003,7.77,1.69
"SOAPS, COSMETICS & TOILET PREPARATIONS",2003,0,0
RUBBER GOODS,2003,29.27,6.37
"LEATHER,LEATHER GOODS AND PICKERS",2003,34.69,7.55
GLUE AND GELATIN,2003,0,0
GLASS,2003,24.08,5.24
CERAMICS,2003,6.75,1.47
CEMENT AND GYPSUM PRODUCTS,2003,44.02,9.58
TIMBER PRODUCTS,2003,0.51,0.11
DEFENCE INDUSTRIES,2003,0,0
CONSULTANCY SERVICES,2003,212.29,46.2
"SERVICES SECTOR (Fin.,Banking,Insurance,Non Fin/Business,Outsourcing,R&D,Courier,Tech. Testing and Analysis, Other)",2003,1245.93,271.15
HOSPITAL & DIAGNOSTIC CENTRES,2003,110.65,24.08
EDUCATION,2003,0.87,0.19
HOTEL & TOURISM,2003,226.81,49.36
TRADING,2003,143,31.12
RETAIL TRADING,2003,0,0
AGRICULTURE SERVICES,2003,2.71,0.59
"DIAMOND,GOLD ORNAMENTS",2003,9.01,1.96
TEA AND COFFEE (PROCESSING & WAREHOUSING COFFEE & RUBBER),2003,1.47,0.32
PRINTING OF BOOKS (INCLUDING LITHO PRINTING INDUSTRY),2003,0,0
COIR,2003,0,0
CONSTRUCTION (INFRASTRUCTURE) ACTIVITIES,2003,0,0
"CONSTRUCTION DEVELOPMENT: Townships, housing, built-up infrastructure and construction-development projects",2003,216.15,47.04
MISCELLANEOUS INDUSTRIES,2003,1082.03,235.48
METALLURGICAL INDUSTRIES,2004,900.31,200.38
MINING,2004,44.57,9.92
POWER,2004,194.86,43.37
NON-CONVENTIONAL ENERGY,2004,5.71,1.27
COAL PRODUCTION,2004,0,0
PETROLEUM & NATURAL GAS,2004,461.79,102.78
BOILERS AND STEAM GENERATING PLANTS,2004,2.43,0.54
PRIME MOVER (OTHER THAN ELECTRICAL GENERATORS),2004,11.95,2.66
ELECTRICAL EQUIPMENTS,2004,437.62,97.4
COMPUTER SOFTWARE & HARDWARE,2004,2371.85,527.9
ELECTRONICS,2004,395.83,88.1
TELECOMMUNICATIONS,2004,531.66,118.33
INFORMATION & BROADCASTING (INCLUDING PRINT MEDIA),2004,44.26,9.85
AUTOMOBILE INDUSTRY,2004,548.01,121.97
AIR TRANSPORT (INCLUDING AIR FREIGHT),2004,18.47,4.11
SEA TRANSPORT,2004,166.02,36.95
PORTS,2004,58.59,13.04
RAILWAY RELATED COMPONENTS,2004,48.3,10.75
INDUSTRIAL MACHINERY,2004,39.94,8.89
MACHINE TOOLS,2004,49.6,11.04
AGRICULTURAL MACHINERY,2004,0,0
EARTH-MOVING MACHINERY,2004,0.45,0.1
MISCELLANEOUS MECHANICAL & ENGINEERING INDUSTRIES,2004,57.65,12.83
"COMMERCIAL, OFFICE & HOUSEHOLD EQUIPMENTS",2004,63.49,14.13
MEDICAL AND SURGICAL APPLIANCES,2004,24.04,5.35
INDUSTRIAL INSTRUMENTS,2004,4.85,1.08
SCIENTIFIC INSTRUMENTS,2004,0.13,0.03
"MATHEMATICAL,SURVEYING AND DRAWING INSTRUMENTS",2004,0,0
FERTILIZERS,2004,60.48,13.46
CHEMICALS (OTHER THAN FERTILIZERS),2004,311.77,69.39
PHOTOGRAPHIC RAW FILM AND PAPER,2004,27.68,6.16
DYE-STUFFS,2004,5.3,1.18
DRUGS & PHARMACEUTICALS,2004,1318.07,293.36
"TEXTILES (INCLUDING DYED,PRINTED)",2004,193.38,43.04
PAPER AND PULP (INCLUDING PAPER PRODUCTS),2004,12.13,2.7
SUGAR,2004,13.21,2.94
FERMENTATION INDUSTRIES,2004,624.53,139
FOOD PROCESSING INDUSTRIES,2004,197.6,43.98
VEGETABLE OILS AND VANASPATI,2004,40.84,9.09
"SOAPS, COSMETICS & TOILET PREPARATIONS",2004,4,0.89
RUBBER GOODS,2004,179.99,40.06
"LEATHER,LEATHER GOODS AND PICKERS",2004,1.98,0.44
GLUE AND GELATIN,2004,0,0
GLASS,2004,37.56,8.36
CERAMICS,2004,120.37,26.79
CEMENT AND GYPSUM PRODUCTS,2004,0.72,0.16
TIMBER PRODUCTS,2004,0.31,0.07
DEFENCE INDUSTRIES,2004,0.22,0.05
CONSULTANCY SERVICES,2004,1134.12,252.42
"SERVICES SECTOR (Fin.,Banking,Insurance,Non Fin/Business,Outsourcing,R&D,Courier,Tech. Testing and Analysis, Other)",2004,2049.48,456.15
HOSPITAL & DIAGNOSTIC CENTRES,2004,117.67,26.19
EDUCATION,2004,8.85,1.97
HOTEL & TOURISM,2004,166.29,37.01
TRADING,2004,63.89,14.22
RETAIL TRADING,2004,0,0
AGRICULTURE SERVICES,2004,17.21,3.83
"DIAMOND,GOLD ORNAMENTS",2004,38.55,8.58
TEA AND COFFEE (PROCESSING & WAREHOUSING COFFEE & RUBBER),2004,0.04,0.01
PRINTING OF BOOKS (INCLUDING LITHO PRINTING INDUSTRY),2004,0.27,0.06
COIR,2004,2.11,0.47
CONSTRUCTION (INFRASTRUCTURE) ACTIVITIES,2004,0,0
"CONSTRUCTION DEVELOPMENT: Townships, housing, built-up infrastructure and construction-development projects",2004,683.21,152.06
MISCELLANEOUS INDUSTRIES,2004,547.38,121.83
METALLURGICAL INDUSTRIES,2005,660.2,149.13
MINING,2005,32.76,7.4
POWER,2005,321.8,72.69
NON-CONVENTIONAL ENERGY,2005,5.98,1.35
COAL PRODUCTION,2005,40.46,9.14
PETROLEUM & NATURAL GAS,2005,53.52,12.09
BOILERS AND STEAM GENERATING PLANTS,2005,0,0
PRIME MOVER (OTHER THAN ELECTRICAL GENERATORS),2005,3.28,0.74
ELECTRICAL EQUIPMENTS,2005,174.87,39.5
COMPUTER SOFTWARE & HARDWARE,2005,6020.59,1359.97
ELECTRONICS,2005,181.11,40.91
TELECOMMUNICATIONS,2005,2735.8,617.98
INFORMATION & BROADCASTING (INCLUDING PRINT MEDIA),2005,247.6,55.93
AUTOMOBILE INDUSTRY,2005,619.47,139.93
AIR TRANSPORT (INCLUDING AIR FREIGHT),2005,45.47,10.27
SEA TRANSPORT,2005,237.42,53.63
PORTS,2005,2.21,0.5
RAILWAY RELATED COMPONENTS,2005,100.14,22.62
INDUSTRIAL MACHINERY,2005,189.48,42.8
MACHINE TOOLS,2005,101.82,23
AGRICULTURAL MACHINERY,2005,410.43,92.71
EARTH-MOVING MACHINERY,2005,225.2,50.87
MISCELLANEOUS MECHANICAL & ENGINEERING INDUSTRIES,2005,226.75,51.22
"COMMERCIAL, OFFICE & HOUSEHOLD EQUIPMENTS",2005,113.07,25.54
MEDICAL AND SURGICAL APPLIANCES,2005,6.73,1.52
INDUSTRIAL INSTRUMENTS,2005,1.68,0.38
SCIENTIFIC INSTRUMENTS,2005,0.44,0.1
"MATHEMATICAL,SURVEYING AND DRAWING INSTRUMENTS",2005,0,0
FERTILIZERS,2005,18.77,4.24
CHEMICALS (OTHER THAN FERTILIZERS),2005,1716.44,387.72
PHOTOGRAPHIC RAW FILM AND PAPER,2005,0,0
DYE-STUFFS,2005,0,0
DRUGS & PHARMACEUTICALS,2005,763.39,172.44
"TEXTILES (INCLUDING DYED,PRINTED)",2005,417.6,94.33
PAPER AND PULP (INCLUDING PAPER PRODUCTS),2005,121.21,27.38
SUGAR,2005,13.28,3
FERMENTATION INDUSTRIES,2005,751.84,169.83
FOOD PROCESSING INDUSTRIES,2005,184.78,41.74
VEGETABLE OILS AND VANASPATI,2005,54.5,12.31
"SOAPS, COSMETICS & TOILET PREPARATIONS",2005,387.01,87.42
RUBBER GOODS,2005,150.92,34.09
"LEATHER,LEATHER GOODS AND PICKERS",2005,4.91,1.11
GLUE AND GELATIN,2005,0,0
GLASS,2005,3.59,0.81
CERAMICS,2005,25.1,5.67
CEMENT AND GYPSUM PRODUCTS,2005,2001.36,452.08
TIMBER PRODUCTS,2005,1.46,0.33
DEFENCE INDUSTRIES,2005,0,0
CONSULTANCY SERVICES,2005,209.84,47.4
"SERVICES SECTOR (Fin.,Banking,Insurance,Non Fin/Business,Outsourcing,R&D,Courier,Tech. Testing and Analysis, Other)",2005,2428.7,548.61
HOSPITAL & DIAGNOSTIC CENTRES,2005,144.01,32.53
EDUCATION,2005,13.99,3.16
HOTEL & TOURISM,2005,317.77,71.78
TRADING,2005,128.07,28.93
RETAIL TRADING,2005,0,0
AGRICULTURE SERVICES,2005,40.2,9.08
"DIAMOND,GOLD ORNAMENTS",2005,68.71,15.52
TEA AND COFFEE (PROCESSING & WAREHOUSING COFFEE & RUBBER),2005,6.33,1.43
PRINTING OF BOOKS (INCLUDING LITHO PRINTING INDUSTRY),2005,43.83,9.9
COIR,2005,2.61,0.59
CONSTRUCTION (INFRASTRUCTURE) ACTIVITIES,2005,4.12,0.93
"CONSTRUCTION DEVELOPMENT: Townships, housing, built-up infrastructure and construction-development projects",2005,1012.5,228.71
MISCELLANEOUS INDUSTRIES,2005,729.39,164.76
METALLURGICAL INDUSTRIES,2006,768.81,169.94
MINING,2006,29.95,6.62
POWER,2006,710.95,157.15
NON-CONVENTIONAL ENERGY,2006,11.04,2.44
COAL PRODUCTION,2006,5.88,1.3
PETROLEUM & NATURAL GAS,2006,396.8,87.71
BOILERS AND STEAM GENERATING PLANTS,2006,14.97,3.31
PRIME MOVER (OTHER THAN ELECTRICAL GENERATORS),2006,115.68,25.57
ELECTRICAL EQUIPMENTS,2006,347.67,76.85
COMPUTER SOFTWARE & HARDWARE,2006,11822.7,2613.33
ELECTRONICS,2006,190.64,42.14
TELECOMMUNICATIONS,2006,2155.73,476.51
INFORMATION & BROADCASTING (INCLUDING PRINT MEDIA),2006,342.47,75.7
AUTOMOBILE INDUSTRY,2006,1179.5,260.72
AIR TRANSPORT (INCLUDING AIR FREIGHT),2006,281.8,62.29
SEA TRANSPORT,2006,328.08,72.52
PORTS,2006,0,0
RAILWAY RELATED COMPONENTS,2006,116.81,25.82
INDUSTRIAL MACHINERY,2006,117.44,25.96
MACHINE TOOLS,2006,168.65,37.28
AGRICULTURAL MACHINERY,2006,113.96,25.19
EARTH-MOVING MACHINERY,2006,4.48,0.99
MISCELLANEOUS MECHANICAL & ENGINEERING INDUSTRIES,2006,382.01,84.44
"COMMERCIAL, OFFICE & HOUSEHOLD EQUIPMENTS",2006,24.52,5.42
MEDICAL AND SURGICAL APPLIANCES,2006,60.76,13.43
INDUSTRIAL INSTRUMENTS,2006,0,0
SCIENTIFIC INSTRUMENTS,2006,0.32,0.07
"MATHEMATICAL,SURVEYING AND DRAWING INSTRUMENTS",2006,0,0
FERTILIZERS,2006,22.67,5.01
CHEMICALS (OTHER THAN FERTILIZERS),2006,628.16,138.85
PHOTOGRAPHIC RAW FILM AND PAPER,2006,12.71,2.81
DYE-STUFFS,2006,0,0
DRUGS & PHARMACEUTICALS,2006,1014.28,224.2
"TEXTILES (INCLUDING DYED,PRINTED)",2006,574.1,126.9
PAPER AND PULP (INCLUDING PAPER PRODUCTS),2006,22.98,5.08
SUGAR,2006,44.56,9.85
FERMENTATION INDUSTRIES,2006,124.77,27.58
FOOD PROCESSING INDUSTRIES,2006,461.45,102
VEGETABLE OILS AND VANASPATI,2006,73.38,16.22
"SOAPS, COSMETICS & TOILET PREPARATIONS",2006,27.32,6.04
RUBBER GOODS,2006,84.82,18.75
"LEATHER,LEATHER GOODS AND PICKERS",2006,37.37,8.26
GLUE AND GELATIN,2006,0,0
GLASS,2006,6.47,1.43
CERAMICS,2006,552.97,122.23
CEMENT AND GYPSUM PRODUCTS,2006,1096.93,242.47
TIMBER PRODUCTS,2006,0,0
DEFENCE INDUSTRIES,2006,0,0
CONSULTANCY SERVICES,2006,518.81,114.68
"SERVICES SECTOR (Fin.,Banking,Insurance,Non Fin/Business,Outsourcing,R&D,Courier,Tech. Testing and Analysis, Other)",2006,21325.14,4713.78
HOSPITAL & DIAGNOSTIC CENTRES,2006,172.55,38.14
EDUCATION,2006,189.15,41.81
HOTEL & TOURISM,2006,885.17,195.66
TRADING,2006,518.68,114.65
RETAIL TRADING,2006,0,0
AGRICULTURE SERVICES,2006,56.69,12.53
"DIAMOND,GOLD ORNAMENTS",2006,280.35,61.97
TEA AND COFFEE (PROCESSING & WAREHOUSING COFFEE & RUBBER),2006,28.05,6.2
PRINTING OF BOOKS (INCLUDING LITHO PRINTING INDUSTRY),2006,90.66,20.04
COIR,2006,0.18,0.04
CONSTRUCTION (INFRASTRUCTURE) ACTIVITIES,2006,289.81,64.06
"CONSTRUCTION DEVELOPMENT: Townships, housing, built-up infrastructure and construction-development projects",2006,6301.71,1392.95
MISCELLANEOUS INDUSTRIES,2006,1379.23,304.87
METALLURGICAL INDUSTRIES,2007,4733.57,1175.75
MINING,2007,1788.99,444.36
POWER,2007,3980.43,988.68
NON-CONVENTIONAL ENERGY,2007,236.81,58.82
COAL PRODUCTION,2007,56.69,14.08
PETROLEUM & NATURAL GAS,2007,5656.69,1405.04
BOILERS AND STEAM GENERATING PLANTS,2007,6.08,1.51
PRIME MOVER (OTHER THAN ELECTRICAL GENERATORS),2007,163.17,40.53
ELECTRICAL EQUIPMENTS,2007,2631.96,653.74
COMPUTER SOFTWARE & HARDWARE,2007,5564.94,1382.25
ELECTRONICS,2007,547.66,136.03
TELECOMMUNICATIONS,2007,5075.58,1260.7
INFORMATION & BROADCASTING (INCLUDING PRINT MEDIA),2007,1161.46,288.49
AUTOMOBILE INDUSTRY,2007,2641.46,656.1
AIR TRANSPORT (INCLUDING AIR FREIGHT),2007,398.9,99.08
SEA TRANSPORT,2007,516.78,128.36
PORTS,2007,3696.59,918.18
RAILWAY RELATED COMPONENTS,2007,49.96,12.41
INDUSTRIAL MACHINERY,2007,481.39,119.57
MACHINE TOOLS,2007,228.96,56.87
AGRICULTURAL MACHINERY,2007,27.05,6.72
EARTH-MOVING MACHINERY,2007,273.53,67.94
MISCELLANEOUS MECHANICAL & ENGINEERING INDUSTRIES,2007,850.09,211.15
"COMMERCIAL, OFFICE & HOUSEHOLD EQUIPMENTS",2007,39.58,9.83
MEDICAL AND SURGICAL APPLIANCES,2007,53.02,13.17
INDUSTRIAL INSTRUMENTS,2007,8.98,2.23
SCIENTIFIC INSTRUMENTS,2007,0,0
"MATHEMATICAL,SURVEYING AND DRAWING INSTRUMENTS",2007,5.11,1.27
FERTILIZERS,2007,7.85,1.95
CHEMICALS (OTHER THAN FERTILIZERS),2007,940.88,233.7
PHOTOGRAPHIC RAW FILM AND PAPER,2007,220.87,54.86
DYE-STUFFS,2007,22.18,5.51
DRUGS & PHARMACEUTICALS,2007,1370.25,340.35
"TEXTILES (INCLUDING DYED,PRINTED)",2007,746.42,185.4
PAPER AND PULP (INCLUDING PAPER PRODUCTS),2007,125.77,31.24
SUGAR,2007,40.54,10.07
FERMENTATION INDUSTRIES,2007,1087.22,270.05
FOOD PROCESSING INDUSTRIES,2007,282.5,70.17
VEGETABLE OILS AND VANASPATI,2007,6.16,1.53
"SOAPS, COSMETICS & TOILET PREPARATIONS",2007,25.69,6.38
RUBBER GOODS,2007,60.87,15.12
"LEATHER,LEATHER GOODS AND PICKERS",2007,30.03,7.46
GLUE AND GELATIN,2007,9.18,2.28
GLASS,2007,44.45,11.04
CERAMICS,2007,463.43,115.11
CEMENT AND GYPSUM PRODUCTS,2007,68,16.89
TIMBER PRODUCTS,2007,1.57,0.39
DEFENCE INDUSTRIES,2007,0,0
CONSULTANCY SERVICES,2007,939.35,233.32
"SERVICES SECTOR (Fin.,Banking,Insurance,Non Fin/Business,Outsourcing,R&D,Courier,Tech. Testing and Analysis, Other)",2007,28126.32,6986.17
HOSPITAL & DIAGNOSTIC CENTRES,2007,973.33,241.76
EDUCATION,2007,175.49,43.59
HOTEL & TOURISM,2007,1696.84,421.47
TRADING,2007,1389.05,345.02
RETAIL TRADING,2007,5.11,1.27
AGRICULTURE SERVICES,2007,234.03,58.13
"DIAMOND,GOLD ORNAMENTS",2007,238.14,59.15
TEA AND COFFEE (PROCESSING & WAREHOUSING COFFEE & RUBBER),2007,76.25,18.94
PRINTING OF BOOKS (INCLUDING LITHO PRINTING INDUSTRY),2007,143.08,35.54
COIR,2007,0.04,0.01
CONSTRUCTION (INFRASTRUCTURE) ACTIVITIES,2007,736.44,182.92
"CONSTRUCTION DEVELOPMENT: Townships, housing, built-up infrastructure and construction-development projects",2007,15650.39,3887.33
MISCELLANEOUS INDUSTRIES,2007,2127.42,528.42
METALLURGICAL INDUSTRIES,2008,4414.76,959.94
MINING,2008,157.1,34.16
POWER,2008,4174.33,907.66
NON-CONVENTIONAL ENERGY,2008,578.92,125.88
COAL PRODUCTION,2008,1.01,0.22
PETROLEUM & NATURAL GAS,2008,1606.38,349.29
BOILERS AND STEAM GENERATING PLANTS,2008,0,0
PRIME MOVER (OTHER THAN ELECTRICAL GENERATORS),2008,344.37,74.88
ELECTRICAL EQUIPMENTS,2008,1919.39,417.35
COMPUTER SOFTWARE & HARDWARE,2008,7097.82,1543.34
ELECTRONICS,2008,678.4,147.51
TELECOMMUNICATIONS,2008,11721.15,2548.63
INFORMATION & BROADCASTING (INCLUDING PRINT MEDIA),2008,3380.45,735.04
AUTOMOBILE INDUSTRY,2008,5288.99,1150.03
AIR TRANSPORT (INCLUDING AIR FREIGHT),2008,282.24,61.37
SEA TRANSPORT,2008,230.92,50.21
PORTS,2008,2268,493.15
RAILWAY RELATED COMPONENTS,2008,82.83,18.01
INDUSTRIAL MACHINERY,2008,508.37,110.54
MACHINE TOOLS,2008,209.99,45.66
AGRICULTURAL MACHINERY,2008,25.62,5.57
EARTH-MOVING MACHINERY,2008,10.44,2.27
MISCELLANEOUS MECHANICAL & ENGINEERING INDUSTRIES,2008,654.48,142.31
"COMMERCIAL, OFFICE & HOUSEHOLD EQUIPMENTS",2008,58.09,12.63
MEDICAL AND SURGICAL APPLIANCES,2008,346.86,75.42
INDUSTRIAL INSTRUMENTS,2008,80.39,17.48
SCIENTIFIC INSTRUMENTS,2008,3.82,0.83
"MATHEMATICAL,SURVEYING AND DRAWING INSTRUMENTS",2008,0,0
FERTILIZERS,2008,615.12,133.75
CHEMICALS (OTHER THAN FERTILIZERS),2008,2994.96,651.22
PHOTOGRAPHIC RAW FILM AND PAPER,2008,4.83,1.05
DYE-STUFFS,2008,5.38,1.17
DRUGS & PHARMACEUTICALS,2008,19530.85,4246.76
"TEXTILES (INCLUDING DYED,PRINTED)",2008,724.43,157.52
PAPER AND PULP (INCLUDING PAPER PRODUCTS),2008,1253.27,272.51
SUGAR,2008,23.04,5.01
FERMENTATION INDUSTRIES,2008,665.48,144.7
FOOD PROCESSING INDUSTRIES,2008,472.36,102.71
VEGETABLE OILS AND VANASPATI,2008,197.21,42.88
"SOAPS, COSMETICS & TOILET PREPARATIONS",2008,101.32,22.03
RUBBER GOODS,2008,390.36,84.88
"LEATHER,LEATHER GOODS AND PICKERS",2008,15.27,3.32
GLUE AND GELATIN,2008,0,0
GLASS,2008,106.51,23.16
CERAMICS,2008,912.58,198.43
CEMENT AND GYPSUM PRODUCTS,2008,3333.36,724.8
TIMBER PRODUCTS,2008,51.83,11.27
DEFENCE INDUSTRIES,2008,0,0
CONSULTANCY SERVICES,2008,1180.06,256.59
"SERVICES SECTOR (Fin.,Banking,Insurance,Non Fin/Business,Outsourcing,R&D,Courier,Tech. Testing and Analysis, Other)",2008,28437.87,6183.49
HOSPITAL & DIAGNOSTIC CENTRES,2008,1102.43,239.71
EDUCATION,2008,986.58,214.52
HOTEL & TOURISM,2008,2133.57,463.92
TRADING,2008,2960.1,643.64
RETAIL TRADING,2008,0.41,0.09
AGRICULTURE SERVICES,2008,24.6,5.35
"DIAMOND,GOLD ORNAMENTS",2008,384.02,83.5
TEA AND COFFEE (PROCESSING & WAREHOUSING COFFEE & RUBBER),2008,170.53,37.08
PRINTING OF BOOKS (INCLUDING LITHO PRINTING INDUSTRY),2008,145.37,31.61
COIR,2008,0,0
CONSTRUCTION (INFRASTRUCTURE) ACTIVITIES,2008,794.25,172.7
"CONSTRUCTION DEVELOPMENT: Townships, housing, built-up infrastructure and construction-development projects",2008,21419.89,4657.51
MISCELLANEOUS INDUSTRIES,2008,7127.07,1549.7
METALLURGICAL INDUSTRIES,2009,1991.91,419.88
MINING,2009,827.35,174.4
POWER,2009,6033.37,1271.79
NON-CONVENTIONAL ENERGY,2009,2953.23,622.52
COAL PRODUCTION,2009,0,0
PETROLEUM & NATURAL GAS,2009,1259.67,265.53
BOILERS AND STEAM GENERATING PLANTS,2009,18.79,3.96
PRIME MOVER (OTHER THAN ELECTRICAL GENERATORS),2009,187.39,39.5
ELECTRICAL EQUIPMENTS,2009,3454.91,728.27
COMPUTER SOFTWARE & HARDWARE,2009,4136.1,871.86
ELECTRONICS,2009,247.35,52.14
TELECOMMUNICATIONS,2009,12046.25,2539.26
INFORMATION & BROADCASTING (INCLUDING PRINT MEDIA),2009,2328.5,490.83
AUTOMOBILE INDUSTRY,2009,5864.96,1236.29
AIR TRANSPORT (INCLUDING AIR FREIGHT),2009,112.48,23.71
SEA TRANSPORT,2009,1351.33,284.85
PORTS,2009,310.31,65.41
RAILWAY RELATED COMPONENTS,2009,163.34,34.43
INDUSTRIAL MACHINERY,2009,1621.88,341.88
MACHINE TOOLS,2009,634.89,133.83
AGRICULTURAL MACHINERY,2009,8.92,1.88
EARTH-MOVING MACHINERY,2009,74.1,15.62
MISCELLANEOUS MECHANICAL & ENGINEERING INDUSTRIES,2009,709.65,149.59
"COMMERCIAL, OFFICE & HOUSEHOLD EQUIPMENTS",2009,374.68,78.98
MEDICAL AND SURGICAL APPLIANCES,2009,793.91,167.35
INDUSTRIAL INSTRUMENTS,2009,36.1,7.61
SCIENTIFIC INSTRUMENTS,2009,0,0
"MATHEMATICAL,SURVEYING AND DRAWING INSTRUMENTS",2009,0,0
FERTILIZERS,2009,38.9,8.2
CHEMICALS (OTHER THAN FERTILIZERS),2009,1736.02,365.94
PHOTOGRAPHIC RAW FILM AND PAPER,2009,0,0
DYE-STUFFS,2009,19.07,4.02
DRUGS & PHARMACEUTICALS,2009,1010.85,213.08
"TEXTILES (INCLUDING DYED,PRINTED)",2009,712.88,150.27
PAPER AND PULP (INCLUDING PAPER PRODUCTS),2009,77.9,16.42
SUGAR,2009,0.47,0.1
FERMENTATION INDUSTRIES,2009,531.42,112.02
FOOD PROCESSING INDUSTRIES,2009,1323.05,278.89
VEGETABLE OILS AND VANASPATI,2009,330.85,69.74
"SOAPS, COSMETICS & TOILET PREPARATIONS",2009,116.61,24.58
RUBBER GOODS,2009,114.43,24.12
"LEATHER,LEATHER GOODS AND PICKERS",2009,24,5.06
GLUE AND GELATIN,2009,1.28,0.27
GLASS,2009,13.43,2.83
CERAMICS,2009,34.2,7.21
CEMENT AND GYPSUM PRODUCTS,2009,160.35,33.8
TIMBER PRODUCTS,2009,31.03,6.54
DEFENCE INDUSTRIES,2009,0,0
CONSULTANCY SERVICES,2009,1619.17,341.31
"SERVICES SECTOR (Fin.,Banking,Insurance,Non Fin/Business,Outsourcing,R&D,Courier,Tech. Testing and Analysis, Other)",2009,19803.97,4174.53
HOSPITAL & DIAGNOSTIC CENTRES,2009,643.14,135.57
EDUCATION,2009,300.53,63.35
HOTEL & TOURISM,2009,3572.33,753.02
TRADING,2009,3500.83,737.95
RETAIL TRADING,2009,65.14,13.73
AGRICULTURE SERVICES,2009,5798.21,1222.22
"DIAMOND,GOLD ORNAMENTS",2009,147.44,31.08
TEA AND COFFEE (PROCESSING & WAREHOUSING COFFEE & RUBBER),2009,38.66,8.15
PRINTING OF BOOKS (INCLUDING LITHO PRINTING INDUSTRY),2009,334.5,70.51
COIR,2009,1.19,0.25
CONSTRUCTION (INFRASTRUCTURE) ACTIVITIES,2009,1539.71,324.56
"CONSTRUCTION DEVELOPMENT: Townships, housing, built-up infrastructure and construction-development projects",2009,25931.32,5466.13
MISCELLANEOUS INDUSTRIES,2009,5444.02,1147.56
METALLURGICAL INDUSTRIES,2010,5003.13,1098.14
MINING,2010,362.25,79.51
POWER,2010,5794.18,1271.77
NON-CONVENTIONAL ENERGY,2010,976.81,214.4
COAL PRODUCTION,2010,0,0
PETROLEUM & NATURAL GAS,2010,2535.1,556.43
BOILERS AND STEAM GENERATING PLANTS,2010,2.87,0.63
PRIME MOVER (OTHER THAN ELECTRICAL GENERATORS),2010,758.3,166.44
ELECTRICAL EQUIPMENTS,2010,701.17,153.9
COMPUTER SOFTWARE & HARDWARE,2010,3552.81,779.81
ELECTRONICS,2010,272.08,59.72
TELECOMMUNICATIONS,2010,7583.46,1664.5
INFORMATION & BROADCASTING (INCLUDING PRINT MEDIA),2010,1877.57,412.11
AUTOMOBILE INDUSTRY,2010,5920.11,1299.41
AIR TRANSPORT (INCLUDING AIR FREIGHT),2010,622.35,136.6
SEA TRANSPORT,2010,1369.12,300.51
PORTS,2010,49.75,10.92
RAILWAY RELATED COMPONENTS,2010,321.93,70.66
INDUSTRIAL MACHINERY,2010,2131.84,467.92
MACHINE TOOLS,2010,52.99,11.63
AGRICULTURAL MACHINERY,2010,2.23,0.49
EARTH-MOVING MACHINERY,2010,8.06,1.77
MISCELLANEOUS MECHANICAL & ENGINEERING INDUSTRIES,2010,495.1,108.67
"COMMERCIAL, OFFICE & HOUSEHOLD EQUIPMENTS",2010,114.45,25.12
MEDICAL AND SURGICAL APPLIANCES,2010,146.79,32.22
INDUSTRIAL INSTRUMENTS,2010,116.09,25.48
SCIENTIFIC INSTRUMENTS,2010,11.34,2.49
"MATHEMATICAL,SURVEYING AND DRAWING INSTRUMENTS",2010,0,0
FERTILIZERS,2010,82.83,18.18
CHEMICALS (OTHER THAN FERTILIZERS),2010,10726.65,2354.4
PHOTOGRAPHIC RAW FILM AND PAPER,2010,3.69,0.81
DYE-STUFFS,2010,24.47,5.37
DRUGS & PHARMACEUTICALS,2010,953.94,209.38
"TEXTILES (INCLUDING DYED,PRINTED)",2010,590.69,129.65
PAPER AND PULP (INCLUDING PAPER PRODUCTS),2010,29.75,6.53
SUGAR,2010,0.77,0.17
FERMENTATION INDUSTRIES,2010,262.93,57.71
FOOD PROCESSING INDUSTRIES,2010,859.58,188.67
VEGETABLE OILS AND VANASPATI,2010,264.57,58.07
"SOAPS, COSMETICS & TOILET PREPARATIONS",2010,468.81,102.9
RUBBER GOODS,2010,78.41,17.21
"LEATHER,LEATHER GOODS AND PICKERS",2010,42.19,9.26
GLUE AND GELATIN,2010,0.05,0.01
GLASS,2010,34.63,7.6
CERAMICS,2010,54.67,12
CEMENT AND GYPSUM PRODUCTS,2010,2905.27,637.68
TIMBER PRODUCTS,2010,7.2,1.58
DEFENCE INDUSTRIES,2010,0,0
CONSULTANCY SERVICES,2010,1252.17,274.84
"SERVICES SECTOR (Fin.,Banking,Insurance,Non Fin/Business,Outsourcing,R&D,Courier,Tech. Testing and Analysis, Other)",2010,15016.99,3296.09
HOSPITAL & DIAGNOSTIC CENTRES,2010,1166.34,256
EDUCATION,2010,172.85,37.94
HOTEL & TOURISM,2010,1403.48,308.05
TRADING,2010,2269.07,498.04
RETAIL TRADING,2010,119.69,26.27
AGRICULTURE SERVICES,2010,200.01,43.9
"DIAMOND,GOLD ORNAMENTS",2010,89.25,19.59
TEA AND COFFEE (PROCESSING & WAREHOUSING COFFEE & RUBBER),2010,14.21,3.12
PRINTING OF BOOKS (INCLUDING LITHO PRINTING INDUSTRY),2010,166.89,36.63
COIR,2010,0.46,0.1
CONSTRUCTION (INFRASTRUCTURE) ACTIVITIES,2010,3075.62,675.07
"CONSTRUCTION DEVELOPMENT: Townships, housing, built-up infrastructure and construction-development projects",2010,7576.76,1663.03
MISCELLANEOUS INDUSTRIES,2010,6724.52,1475.97
METALLURGICAL INDUSTRIES,2011,8559.18,1786.14
MINING,2011,683.58,142.65
POWER,2011,7918.2,1652.38
NON-CONVENTIONAL ENERGY,2011,2166.8,452.17
COAL PRODUCTION,2011,0,0
PETROLEUM & NATURAL GAS,2011,9727.66,2029.98
BOILERS AND STEAM GENERATING PLANTS,2011,152.34,31.79
PRIME MOVER (OTHER THAN ELECTRICAL GENERATORS),2011,1503.49,313.75
ELECTRICAL EQUIPMENTS,2011,2714.14,566.39
COMPUTER SOFTWARE & HARDWARE,2011,3816.11,796.35
ELECTRONICS,2011,931.61,194.41
TELECOMMUNICATIONS,2011,9570.77,1997.24
INFORMATION & BROADCASTING (INCLUDING PRINT MEDIA),2011,3239.2,675.96
AUTOMOBILE INDUSTRY,2011,4422.97,922.99
AIR TRANSPORT (INCLUDING AIR FREIGHT),2011,149.61,31.22
SEA TRANSPORT,2011,619.89,129.36
PORTS,2011,0,0
RAILWAY RELATED COMPONENTS,2011,202.56,42.27
INDUSTRIAL MACHINERY,2011,2974.2,620.66
MACHINE TOOLS,2011,612.75,127.87
AGRICULTURAL MACHINERY,2011,13.27,2.77
EARTH-MOVING MACHINERY,2011,78.59,16.4
MISCELLANEOUS MECHANICAL & ENGINEERING INDUSTRIES,2011,6207.27,1295.34
"COMMERCIAL, OFFICE & HOUSEHOLD EQUIPMENTS",2011,139.16,29.04
MEDICAL AND SURGICAL APPLIANCES,2011,678.6,141.61
INDUSTRIAL INSTRUMENTS,2011,19.12,3.99
SCIENTIFIC INSTRUMENTS,2011,33.93,7.08
"MATHEMATICAL,SURVEYING AND DRAWING INSTRUMENTS",2011,0,0
FERTILIZERS,2011,156.22,32.6
CHEMICALS (OTHER THAN FERTILIZERS),2011,19363.08,4040.71
PHOTOGRAPHIC RAW FILM AND PAPER,2011,0,0
DYE-STUFFS,2011,2.78,0.58
DRUGS & PHARMACEUTICALS,2011,15489.09,3232.28
"TEXTILES (INCLUDING DYED,PRINTED)",2011,786.8,164.19
PAPER AND PULP (INCLUDING PAPER PRODUCTS),2011,1952.02,407.35
SUGAR,2011,21.28,4.44
FERMENTATION INDUSTRIES,2011,334,69.7
FOOD PROCESSING INDUSTRIES,2011,815.65,170.21
VEGETABLE OILS AND VANASPATI,2011,311.58,65.02
"SOAPS, COSMETICS & TOILET PREPARATIONS",2011,1064.21,222.08
RUBBER GOODS,2011,897.88,187.37
"LEATHER,LEATHER GOODS AND PICKERS",2011,39.77,8.3
GLUE AND GELATIN,2011,27.99,5.84
GLASS,2011,154.4,32.22
CERAMICS,2011,47.3,9.87
CEMENT AND GYPSUM PRODUCTS,2011,1283.78,267.9
TIMBER PRODUCTS,2011,141.84,29.6
DEFENCE INDUSTRIES,2011,17.54,3.66
CONSULTANCY SERVICES,2011,1389.15,289.89
"SERVICES SECTOR (Fin.,Banking,Insurance,Non Fin/Business,Outsourcing,R&D,Courier,Tech. Testing and Analysis, Other)",2011,24994.98,5215.98
HOSPITAL & DIAGNOSTIC CENTRES,2011,1487.58,310.43
EDUCATION,2011,506.13,105.62
HOTEL & TOURISM,2011,4757.79,992.86
TRADING,2011,3505.59,731.55
RETAIL TRADING,2011,151.91,31.7
AGRICULTURE SERVICES,2011,234.9,49.02
"DIAMOND,GOLD ORNAMENTS",2011,173.95,36.3
TEA AND COFFEE (PROCESSING & WAREHOUSING COFFEE & RUBBER),2011,25.49,5.32
PRINTING OF BOOKS (INCLUDING LITHO PRINTING INDUSTRY),2011,227.09,47.39
COIR,2011,2.64,0.55
CONSTRUCTION (INFRASTRUCTURE) ACTIVITIES,2011,1851.05,386.28
"CONSTRUCTION DEVELOPMENT: Townships, housing, built-up infrastructure and construction-development projects",2011,15050.62,3140.78
MISCELLANEOUS INDUSTRIES,2011,3897.72,813.38
METALLURGICAL INDUSTRIES,2012,7976.29,1466.23
MINING,2012,314.92,57.89
POWER,2012,2914.1,535.68
NON-CONVENTIONAL ENERGY,2012,6019.47,1106.52
COAL PRODUCTION,2012,0,0
PETROLEUM & NATURAL GAS,2012,1168.51,214.8
BOILERS AND STEAM GENERATING PLANTS,2012,109.07,20.05
PRIME MOVER (OTHER THAN ELECTRICAL GENERATORS),2012,1004.22,184.6
ELECTRICAL EQUIPMENTS,2012,1065.53,195.87
COMPUTER SOFTWARE & HARDWARE,2012,2643.62,485.96
ELECTRONICS,2012,208.03,38.24
TELECOMMUNICATIONS,2012,1653.05,303.87
INFORMATION & BROADCASTING (INCLUDING PRINT MEDIA),2012,2197.98,404.04
AUTOMOBILE INDUSTRY,2012,8362.8,1537.28
AIR TRANSPORT (INCLUDING AIR FREIGHT),2012,86.44,15.89
SEA TRANSPORT,2012,351.53,64.62
PORTS,2012,0,0
RAILWAY RELATED COMPONENTS,2012,162.38,29.85
INDUSTRIAL MACHINERY,2012,2740.84,503.83
MACHINE TOOLS,2012,551.56,101.39
AGRICULTURAL MACHINERY,2012,519.03,95.41
EARTH-MOVING MACHINERY,2012,27.74,5.1
MISCELLANEOUS MECHANICAL & ENGINEERING INDUSTRIES,2012,486.61,89.45
"COMMERCIAL, OFFICE & HOUSEHOLD EQUIPMENTS",2012,132.36,24.33
MEDICAL AND SURGICAL APPLIANCES,2012,451.63,83.02
INDUSTRIAL INSTRUMENTS,2012,3.16,0.58
SCIENTIFIC INSTRUMENTS,2012,398.64,73.28
"MATHEMATICAL,SURVEYING AND DRAWING INSTRUMENTS",2012,36.5,6.71
FERTILIZERS,2012,231.47,42.55
CHEMICALS (OTHER THAN FERTILIZERS),2012,1589.35,292.16
PHOTOGRAPHIC RAW FILM AND PAPER,2012,0,0
DYE-STUFFS,2012,0,0
DRUGS & PHARMACEUTICALS,2012,6111.62,1123.46
"TEXTILES (INCLUDING DYED,PRINTED)",2012,565.16,103.89
PAPER AND PULP (INCLUDING PAPER PRODUCTS),2012,27.69,5.09
SUGAR,2012,66.69,12.26
FERMENTATION INDUSTRIES,2012,583.22,107.21
FOOD PROCESSING INDUSTRIES,2012,2183.94,401.46
VEGETABLE OILS AND VANASPATI,2012,589.64,108.39
"SOAPS, COSMETICS & TOILET PREPARATIONS",2012,870.78,160.07
RUBBER GOODS,2012,3493.46,642.18
"LEATHER,LEATHER GOODS AND PICKERS",2012,254.05,46.7
GLUE AND GELATIN,2012,0,0
GLASS,2012,1137.83,209.16
CERAMICS,2012,23.56,4.33
CEMENT AND GYPSUM PRODUCTS,2012,67.35,12.38
TIMBER PRODUCTS,2012,158.68,29.17
DEFENCE INDUSTRIES,2012,2.23,0.41
CONSULTANCY SERVICES,2012,774.22,142.32
"SERVICES SECTOR (Fin.,Banking,Insurance,Non Fin/Business,Outsourcing,R&D,Courier,Tech. Testing and Analysis, Other)",2012,26291.41,4832.98
HOSPITAL & DIAGNOSTIC CENTRES,2012,1397.32,256.86
EDUCATION,2012,936.77,172.2
HOTEL & TOURISM,2012,17729.23,3259.05
TRADING,2012,3904.83,717.8
RETAIL TRADING,2012,121.37,22.31
AGRICULTURE SERVICES,2012,878.4,161.47
"DIAMOND,GOLD ORNAMENTS",2012,286.2,52.61
TEA AND COFFEE (PROCESSING & WAREHOUSING COFFEE & RUBBER),2012,1.47,0.27
PRINTING OF BOOKS (INCLUDING LITHO PRINTING INDUSTRY),2012,78.01,14.34
COIR,2012,0.82,0.15
CONSTRUCTION (INFRASTRUCTURE) ACTIVITIES,2012,1544.36,283.89
"CONSTRUCTION DEVELOPMENT: Townships, housing, built-up infrastructure and construction-development projects",2012,7248.75,1332.49
MISCELLANEOUS INDUSTRIES,2012,1248.43,229.49
METALLURGICAL INDUSTRIES,2013,3434.16,567.63
MINING,2013,77.02,12.73
POWER,2013,6449.78,1066.08
NON-CONVENTIONAL ENERGY,2013,2506.21,414.25
COAL PRODUCTION,2013,17.91,2.96
PETROLEUM & NATURAL GAS,2013,678.99,112.23
BOILERS AND STEAM GENERATING PLANTS,2013,1.03,0.17
PRIME MOVER (OTHER THAN ELECTRICAL GENERATORS),2013,1287.32,212.78
ELECTRICAL EQUIPMENTS,2013,812.58,134.31
COMPUTER SOFTWARE & HARDWARE,2013,6813.93,1126.27
ELECTRONICS,2013,802.11,132.58
TELECOMMUNICATIONS,2013,7907.05,1306.95
INFORMATION & BROADCASTING (INCLUDING PRINT MEDIA),2013,2592.55,428.52
AUTOMOBILE INDUSTRY,2013,9179.54,1517.28
AIR TRANSPORT (INCLUDING AIR FREIGHT),2013,278,45.95
SEA TRANSPORT,2013,123.96,20.49
PORTS,2013,1.88,0.31
RAILWAY RELATED COMPONENTS,2013,1433.43,236.93
INDUSTRIAL MACHINERY,2013,2888.15,477.38
MACHINE TOOLS,2013,390.35,64.52
AGRICULTURAL MACHINERY,2013,295.12,48.78
EARTH-MOVING MACHINERY,2013,208.36,34.44
MISCELLANEOUS MECHANICAL & ENGINEERING INDUSTRIES,2013,1743.19,288.13
"COMMERCIAL, OFFICE & HOUSEHOLD EQUIPMENTS",2013,127.84,21.13
MEDICAL AND SURGICAL APPLIANCES,2013,1049.55,173.48
INDUSTRIAL INSTRUMENTS,2013,3.21,0.53
SCIENTIFIC INSTRUMENTS,2013,272.73,45.08
"MATHEMATICAL,SURVEYING AND DRAWING INSTRUMENTS",2013,0,0
FERTILIZERS,2013,124.93,20.65
CHEMICALS (OTHER THAN FERTILIZERS),2013,4759.9,786.76
PHOTOGRAPHIC RAW FILM AND PAPER,2013,0,0
DYE-STUFFS,2013,0,0
DRUGS & PHARMACEUTICALS,2013,7740.01,1279.34
"TEXTILES (INCLUDING DYED,PRINTED)",2013,1203.1,198.86
PAPER AND PULP (INCLUDING PAPER PRODUCTS),2013,162.5,26.86
SUGAR,2013,18.63,3.08
FERMENTATION INDUSTRIES,2013,4928.21,814.58
FOOD PROCESSING INDUSTRIES,2013,24096.48,3982.89
VEGETABLE OILS AND VANASPATI,2013,130.38,21.55
"SOAPS, COSMETICS & TOILET PREPARATIONS",2013,656.06,108.44
RUBBER GOODS,2013,2241.77,370.54
"LEATHER,LEATHER GOODS AND PICKERS",2013,37.15,6.14
GLUE AND GELATIN,2013,5.87,0.97
GLASS,2013,260.69,43.09
CERAMICS,2013,908.04,150.09
CEMENT AND GYPSUM PRODUCTS,2013,1536.76,254.01
TIMBER PRODUCTS,2013,37.27,6.16
DEFENCE INDUSTRIES,2013,4.96,0.82
CONSULTANCY SERVICES,2013,1729.39,285.85
"SERVICES SECTOR (Fin.,Banking,Insurance,Non Fin/Business,Outsourcing,R&D,Courier,Tech. Testing and Analysis, Other)",2013,13461.86,2225.1
HOSPITAL & DIAGNOSTIC CENTRES,2013,4141.71,684.58
EDUCATION,2013,1585.64,262.09
HOTEL & TOURISM,2013,2942.6,486.38
TRADING,2013,8127.51,1343.39
RETAIL TRADING,2013,68.37,11.3
AGRICULTURE SERVICES,2013,550.61,91.01
"DIAMOND,GOLD ORNAMENTS",2013,257.49,42.56
TEA AND COFFEE (PROCESSING & WAREHOUSING COFFEE & RUBBER),2013,35.45,5.86
PRINTING OF BOOKS (INCLUDING LITHO PRINTING INDUSTRY),2013,688.37,113.78
COIR,2013,3.27,0.54
CONSTRUCTION (INFRASTRUCTURE) ACTIVITIES,2013,2936.49,485.37
"CONSTRUCTION DEVELOPMENT: Townships, housing, built-up infrastructure and construction-development projects",2013,7417.6,1226.05
MISCELLANEOUS INDUSTRIES,2013,2835.88,468.74
METALLURGICAL INDUSTRIES,2014,2197,359.34
MINING,2014,4184.36,684.39
POWER,2014,4322.84,707.04
NON-CONVENTIONAL ENERGY,2014,3765.92,615.95
COAL PRODUCTION,2014,0,0
PETROLEUM & NATURAL GAS,2014,6597.13,1079.02
BOILERS AND STEAM GENERATING PLANTS,2014,8.13,1.33
PRIME MOVER (OTHER THAN ELECTRICAL GENERATORS),2014,1410.5,230.7
ELECTRICAL EQUIPMENTS,2014,3514.51,574.83
COMPUTER SOFTWARE & HARDWARE,2014,14037.99,2296.04
ELECTRONICS,2014,592.08,96.84
TELECOMMUNICATIONS,2014,17699.66,2894.94
INFORMATION & BROADCASTING (INCLUDING PRINT MEDIA),2014,1558.83,254.96
AUTOMOBILE INDUSTRY,2014,16664.56,2725.64
AIR TRANSPORT (INCLUDING AIR FREIGHT),2014,455.86,74.56
SEA TRANSPORT,2014,2037.31,333.22
PORTS,2014,11.62,1.9
RAILWAY RELATED COMPONENTS,2014,793.17,129.73
INDUSTRIAL MACHINERY,2014,4382.45,716.79
MACHINE TOOLS,2014,147.1,24.06
AGRICULTURAL MACHINERY,2014,442.35,72.35
EARTH-MOVING MACHINERY,2014,184.09,30.11
MISCELLANEOUS MECHANICAL & ENGINEERING INDUSTRIES,2014,1141.42,186.69
"COMMERCIAL, OFFICE & HOUSEHOLD EQUIPMENTS",2014,204.15,33.39
MEDICAL AND SURGICAL APPLIANCES,2014,892.22,145.93
INDUSTRIAL INSTRUMENTS,2014,5.2,0.85
SCIENTIFIC INSTRUMENTS,2014,197.73,32.34
"MATHEMATICAL,SURVEYING AND DRAWING INSTRUMENTS",2014,0,0
FERTILIZERS,2014,1377.61,225.32
CHEMICALS (OTHER THAN FERTILIZERS),2014,4663.51,762.76
PHOTOGRAPHIC RAW FILM AND PAPER,2014,4.59,0.75
DYE-STUFFS,2014,335.6,54.89
DRUGS & PHARMACEUTICALS,2014,9157.18,1497.74
"TEXTILES (INCLUDING DYED,PRINTED)",2014,1207.03,197.42
PAPER AND PULP (INCLUDING PAPER PRODUCTS),2014,710.51,116.21
SUGAR,2014,169.79,27.77
FERMENTATION INDUSTRIES,2014,1377.97,225.38
FOOD PROCESSING INDUSTRIES,2014,3153.97,515.86
VEGETABLE OILS AND VANASPATI,2014,906.95,148.34
"SOAPS, COSMETICS & TOILET PREPARATIONS",2014,1083.52,177.22
RUBBER GOODS,2014,1739.49,284.51
"LEATHER,LEATHER GOODS AND PICKERS",2014,209.16,34.21
GLUE AND GELATIN,2014,131.08,21.44
GLASS,2014,255.69,41.82
CERAMICS,2014,215.76,35.29
CEMENT AND GYPSUM PRODUCTS,2014,1277.76,208.99
TIMBER PRODUCTS,2014,54.84,8.97
DEFENCE INDUSTRIES,2014,0.49,0.08
CONSULTANCY SERVICES,2014,2801.01,458.13
"SERVICES SECTOR (Fin.,Banking,Insurance,Non Fin/Business,Outsourcing,R&D,Courier,Tech. Testing and Analysis, Other)",2014,27166.09,4443.26
HOSPITAL & DIAGNOSTIC CENTRES,2014,3471.83,567.85
EDUCATION,2014,482.15,78.86
HOTEL & TOURISM,2014,4750.64,777.01
TRADING,2014,16678.75,2727.96
RETAIL TRADING,2014,1031.55,168.72
AGRICULTURE SERVICES,2014,366.53,59.95
"DIAMOND,GOLD ORNAMENTS",2014,1713.02,280.18
TEA AND COFFEE (PROCESSING & WAREHOUSING COFFEE & RUBBER),2014,8.74,1.43
PRINTING OF BOOKS (INCLUDING LITHO PRINTING INDUSTRY),2014,443.75,72.58
COIR,2014,8.32,1.36
CONSTRUCTION (INFRASTRUCTURE) ACTIVITIES,2014,5320.71,870.25
"CONSTRUCTION DEVELOPMENT: Townships, housing, built-up infrastructure and construction-development projects",2014,4702.52,769.14
MISCELLANEOUS INDUSTRIES,2014,4682.59,765.88
METALLURGICAL INDUSTRIES,2015,2987.01,456.31
MINING,2015,3408.31,520.67
POWER,2015,5687.16,868.8
NON-CONVENTIONAL ENERGY,2015,5083.03,776.51
COAL PRODUCTION,2015,0,0
PETROLEUM & NATURAL GAS,2015,674.37,103.02
BOILERS AND STEAM GENERATING PLANTS,2015,510,77.91
PRIME MOVER (OTHER THAN ELECTRICAL GENERATORS),2015,1041.66,159.13
ELECTRICAL EQUIPMENTS,2015,2912.18,444.88
COMPUTER SOFTWARE & HARDWARE,2015,38649.94,5904.36
ELECTRONICS,2015,1364.12,208.39
TELECOMMUNICATIONS,2015,8669.52,1324.4
INFORMATION & BROADCASTING (INCLUDING PRINT MEDIA),2015,6607.14,1009.34
AUTOMOBILE INDUSTRY,2015,16540.56,2526.82
AIR TRANSPORT (INCLUDING AIR FREIGHT),2015,2364.74,361.25
SEA TRANSPORT,2015,2810.2,429.3
PORTS,2015,0,0
RAILWAY RELATED COMPONENTS,2015,484.34,73.99
INDUSTRIAL MACHINERY,2015,3719.83,568.26
MACHINE TOOLS,2015,827.28,126.38
AGRICULTURAL MACHINERY,2015,107.62,16.44
EARTH-MOVING MACHINERY,2015,639.28,97.66
MISCELLANEOUS MECHANICAL & ENGINEERING INDUSTRIES,2015,1797.34,274.57
"COMMERCIAL, OFFICE & HOUSEHOLD EQUIPMENTS",2015,240.11,36.68
MEDICAL AND SURGICAL APPLIANCES,2015,1134.16,173.26
INDUSTRIAL INSTRUMENTS,2015,48.57,7.42
SCIENTIFIC INSTRUMENTS,2015,41.63,6.36
"MATHEMATICAL,SURVEYING AND DRAWING INSTRUMENTS",2015,0,0
FERTILIZERS,2015,137.01,20.93
CHEMICALS (OTHER THAN FERTILIZERS),2015,9622.29,1469.95
PHOTOGRAPHIC RAW FILM AND PAPER,2015,0,0
DYE-STUFFS,2015,21.73,3.32
DRUGS & PHARMACEUTICALS,2015,4937.39,754.26
"TEXTILES (INCLUDING DYED,PRINTED)",2015,1506.43,230.13
PAPER AND PULP (INCLUDING PAPER PRODUCTS),2015,557.78,85.21
SUGAR,2015,692.89,105.85
FERMENTATION INDUSTRIES,2015,1324.65,202.36
FOOD PROCESSING INDUSTRIES,2015,3311.49,505.88
VEGETABLE OILS AND VANASPATI,2015,224,34.22
"SOAPS, COSMETICS & TOILET PREPARATIONS",2015,1265.08,193.26
RUBBER GOODS,2015,1938.6,296.15
"LEATHER,LEATHER GOODS AND PICKERS",2015,112.13,17.13
GLUE AND GELATIN,2015,5.37,0.82
GLASS,2015,168.76,25.78
CERAMICS,2015,335.22,51.21
CEMENT AND GYPSUM PRODUCTS,2015,128.89,19.69
TIMBER PRODUCTS,2015,348.05,53.17
DEFENCE INDUSTRIES,2015,0.65,0.1
CONSULTANCY SERVICES,2015,3387.36,517.47
"SERVICES SECTOR (Fin.,Banking,Insurance,Non Fin/Business,Outsourcing,R&D,Courier,Tech. Testing and Analysis, Other)",2015,45098.41,6889.46
HOSPITAL & DIAGNOSTIC CENTRES,2015,4859.42,742.35
EDUCATION,2015,1510.69,230.78
HOTEL & TOURISM,2015,8723.79,1332.69
TRADING,2015,25171.46,3845.32
RETAIL TRADING,2015,1716.62,262.24
AGRICULTURE SERVICES,2015,554.12,84.65
"DIAMOND,GOLD ORNAMENTS",2015,383.2,58.54
TEA AND COFFEE (PROCESSING & WAREHOUSING COFFEE & RUBBER),2015,7.33,1.12
PRINTING OF BOOKS (INCLUDING LITHO PRINTING INDUSTRY),2015,803.91,122.81
COIR,2015,0,0
CONSTRUCTION (INFRASTRUCTURE) ACTIVITIES,2015,29527.11,4510.71
"CONSTRUCTION DEVELOPMENT: Townships, housing, built-up infrastructure and construction-development projects",2015,736.75,112.55
MISCELLANEOUS INDUSTRIES,2015,4377.77,668.77
METALLURGICAL INDUSTRIES,2016,9659.29,1440.18
MINING,2016,373.92,55.75
POWER,2016,7464.76,1112.98
NON-CONVENTIONAL ENERGY,2016,5255.4,783.57
COAL PRODUCTION,2016,0,0
PETROLEUM & NATURAL GAS,2016,1209.94,180.4
BOILERS AND STEAM GENERATING PLANTS,2016,361.57,53.91
PRIME MOVER (OTHER THAN ELECTRICAL GENERATORS),2016,1924.1,286.88
ELECTRICAL EQUIPMENTS,2016,14961.24,2230.69
COMPUTER SOFTWARE & HARDWARE,2016,24492.02,3651.71
ELECTRONICS,2016,563.19,83.97
TELECOMMUNICATIONS,2016,37315.67,5563.69
INFORMATION & BROADCASTING (INCLUDING PRINT MEDIA),2016,10172.37,1516.68
AUTOMOBILE INDUSTRY,2016,10793.71,1609.32
AIR TRANSPORT (INCLUDING AIR FREIGHT),2016,559.36,83.4
SEA TRANSPORT,2016,4930.05,735.06
PORTS,2016,0,0
RAILWAY RELATED COMPONENTS,2016,587.33,87.57
INDUSTRIAL MACHINERY,2016,2208.62,329.3
MACHINE TOOLS,2016,160.23,23.89
AGRICULTURAL MACHINERY,2016,101.88,15.19
EARTH-MOVING MACHINERY,2016,350.31,52.23
MISCELLANEOUS MECHANICAL & ENGINEERING INDUSTRIES,2016,1644.82,245.24
"COMMERCIAL, OFFICE & HOUSEHOLD EQUIPMENTS",2016,49.9,7.44
MEDICAL AND SURGICAL APPLIANCES,2016,3217.41,479.71
INDUSTRIAL INSTRUMENTS,2016,5.37,0.8
SCIENTIFIC INSTRUMENTS,2016,514.16,76.66
"MATHEMATICAL,SURVEYING AND DRAWING INSTRUMENTS",2016,0,0
FERTILIZERS,2016,5.97,0.89
CHEMICALS (OTHER THAN FERTILIZERS),2016,9341.51,1392.8
PHOTOGRAPHIC RAW FILM AND PAPER,2016,0,0
DYE-STUFFS,2016,71.76,10.7
DRUGS & PHARMACEUTICALS,2016,5750.51,857.39
"TEXTILES (INCLUDING DYED,PRINTED)",2016,4151.3,618.95
PAPER AND PULP (INCLUDING PAPER PRODUCTS),2016,1325.37,197.61
SUGAR,2016,106.78,15.92
FERMENTATION INDUSTRIES,2016,743.54,110.86
FOOD PROCESSING INDUSTRIES,2016,4877.46,727.22
VEGETABLE OILS AND VANASPATI,2016,727.37,108.45
"SOAPS, COSMETICS & TOILET PREPARATIONS",2016,621.07,92.6
RUBBER GOODS,2016,1762.33,262.76
"LEATHER,LEATHER GOODS AND PICKERS",2016,15.43,2.3
GLUE AND GELATIN,2016,607.65,90.6
GLASS,2016,346.68,51.69
CERAMICS,2016,103.29,15.4
CEMENT AND GYPSUM PRODUCTS,2016,14286.58,2130.1
TIMBER PRODUCTS,2016,68.61,10.23
DEFENCE INDUSTRIES,2016,0,0
CONSULTANCY SERVICES,2016,1751.47,261.14
"SERVICES SECTOR (Fin.,Banking,Insurance,Non Fin/Business,Outsourcing,R&D,Courier,Tech. Testing and Analysis, Other)",2016,58244.06,8684.07
HOSPITAL & DIAGNOSTIC CENTRES,2016,5012.68,747.38
EDUCATION,2016,1073.92,160.12
HOTEL & TOURISM,2016,6144.48,916.13
TRADING,2016,15683.65,2338.4
RETAIL TRADING,2016,3024.45,450.94
AGRICULTURE SERVICES,2016,512.62,76.43
"DIAMOND,GOLD ORNAMENTS",2016,831.13,123.92
TEA AND COFFEE (PROCESSING & WAREHOUSING COFFEE & RUBBER),2016,10.73,1.6
PRINTING OF BOOKS (INCLUDING LITHO PRINTING INDUSTRY),2016,356.61,53.17
COIR,2016,0,0
CONSTRUCTION (INFRASTRUCTURE) ACTIVITIES,2016,12479.92,1860.73
"CONSTRUCTION DEVELOPMENT: Townships, housing, built-up infrastructure and construction-development projects",2016,705.17,105.14
MISCELLANEOUS INDUSTRIES,2016,1987.95,296.4
